stamp_sec,stamp_nanosec,gps_latitude,gps_longitude,gps_altitude,imu_orientation_x,imu_orientation_y,imu_orientation_z,imu_orientation_w,imu_angular_velocity_x,imu_angular_velocity_y,imu_angular_velocity_z,imu_linear_acceleration_x,imu_linear_acceleration_y,imu_linear_acceleration_z,dvl_linear_x,dvl_linear_y,dvl_linear_z,dvl_angular_x,dvl_angular_y,dvl_angular_z
1783414678,241394339,-33.72480840570041,150.6810225011596,0.3610332580283284,-0.008071892191339103,-0.022551331338876292,-0.2669388476113159,0.9634157636489235,0.44969502723720306,-0.029533783562299604,9.62395011180553,0.0,0.0,0.0,0.7373501607241169,-0.4690834517245667,0.0,0.0,0.0,0.0
1783414679,244597523,-33.72481152517521,150.68102891562717,0.32826978527009487,-0.007047405545881717,-0.02309819053787529,-0.26713867527683177,0.9633554566411545,0.4219930637958969,-0.13503802258750133,9.67915348174778,0.0,0.0,0.0,0.5932789038221007,-0.34689888394054197,0.0,0.0,0.0,0.0
1783414680,247792670,-33.72481473661129,150.68103588701777,0.2449582489207387,-0.005685042401414902,-0.02396699301192349,-0.2670356532033656,0.9633717991809353,0.43146343751627453,-0.17162325373102905,9.807044158444864,0.0,0.0,0.0,0.6433964947737959,-0.3563540386035087,0.0,0.0,0.0,0.0
1783414681,252821043,-33.72481857859975,150.68104418912992,0.14368823543190956,-0.004887492030315529,-0.02475810497028364,-0.2667516644214868,0.9634348437690535,0.4541387935171524,0.0008317064308969099,9.9371004367757,0.0,0.0,0.0,0.7642063885461553,-0.4252078297813483,0.0,0.0,0.0,0.0
1783414682,256254303,-33.72482404366059,150.68105504159072,0.12252155877649784,-0.005982724088357012,-0.024404927004958835,-0.2668120974618098,0.9634209418516888,0.5269586287116085,0.12385275803573242,9.924351404775434,0.0,0.0,0.0,1.0020198589611473,-0.6066891565041932,0.0,0.0,0.0,0.0
1783414683,259721930,-33.72482846259846,150.6810632088065,0.20738430693745613,-0.007340178698848017,-0.023550334414776858,-0.2671629005891407,0.9633356051109178,0.529357457385354,0.11782381532913046,9.785502391339387,0.0,0.0,0.0,0.7507825827398521,-0.4884062167651827,0.0,0.0,0.0,0.0
1783414684,263199840,-33.72483288774165,150.6810715471254,0.3078466085717082,-0.007662318644587372,-0.02285791452055817,-0.26758778755720053,0.963231841545431,0.4968714482418169,-0.013549554753433578,9.66216742078301,0.0,0.0,0.0,0.7715459232773664,-0.49230442215245473,0.0,0.0,0.0,0.0
1783414685,267189358,-33.72483807872423,150.6810822013026,0.33776103239506483,-0.0062773514336943335,-0.023086540599198735,-0.2675634240301153,0.9632431783425306,0.4577359919526319,-0.13117844577337684,9.658636201415145,0.0,0.0,0.0,0.9834461320247604,-0.5761072792449554,0.0,0.0,0.0,0.0
1783414686,272226382,-33.724841515338106,150.6810896023559,0.28919767402112484,-0.004990717454284849,-0.023707705247472347,-0.26721664014824337,0.9633318767066076,0.44557814032438625,-0.0999987856696074,9.783417268851078,0.0,0.0,0.0,0.6818629648408162,-0.38067770041136473,0.0,0.0,0.0,0.0
1783414687,276132890,-33.724845360352695,150.6810976109624,0.2199954641982913,-0.005077790001807604,-0.024109327530651686,-0.2668876991791401,0.9634126386972418,0.44642107506823736,0.0547473978468971,9.884247327245136,0.0,0.0,0.0,0.7383767490448848,-0.4262281983073214,0.0,0.0,0.0,0.0
1783414688,279106724,-33.7248507253633,150.6811078538652,0.18337166868150234,-0.006794924910596261,-0.02383675595851936,-0.26703452938846545,0.9633681529794901,0.4917877601097866,0.1541271866655809,9.867480781098896,0.0,0.0,0.0,0.9457538081065253,-0.5955918701955034,0.0,0.0,0.0,0.0
1783414689,282189506,-33.72485528043628,150.68111618474273,0.2076929584145546,-0.008209954605922396,-0.02342224328643351,-0.2674222969679829,0.9632597314583268,0.4865372121240403,0.09665052325761982,9.77910451685786,0.0,0.0,0.0,0.76878479937472,-0.5053968214642676,0.0,0.0,0.0,0.0
1783414690,286422574,-33.72485966188421,150.68112464069537,0.2347262529656291,-0.00785033804797575,-0.023444747493818474,-0.26760327298541503,0.9632119207604197,0.4625697343224021,-0.08655591803217973,9.74802975542503,0.0,0.0,0.0,0.7798125228217009,-0.48581223374239096,0.0,0.0,0.0,0.0
1783414691,290617392,-33.72486472958981,150.68113550483218,0.2262060083448887,-0.0056464100489029175,-0.024023391337069575,-0.2671004400727246,0.9633526610931131,0.46594305033042427,-0.18055301417692876,9.791585746323156,0.0,0.0,0.0,1.0008903129684856,-0.5613397104695791,0.0,0.0,0.0,0.0
1783414692,294437431,-33.724868023453205,150.68114280992503,0.2119324980303645,-0.004084303801503756,-0.024364387053616557,-0.2663993329625052,0.9635461019085132,0.49031059421716705,-0.08185311391081465,9.846865727692311,0.0,0.0,0.0,0.6743257831761981,-0.36557184260263637,0.0,0.0,0.0,0.0
1783414693,297830478,-33.72487179541065,150.68115065801175,0.2239250624552369,-0.004556678817124175,-0.023906402300515002,-0.2660152053095024,0.9636615750103076,0.5005185028143418,0.1413569019367517,9.87149054444541,0.0,0.0,0.0,0.7237445532174543,-0.41822638584430105,0.0,0.0,0.0,0.0
1783414694,302521868,-33.72487793376013,150.68116192145376,0.30885289888828993,-0.007115850312804559,-0.022816474418481413,-0.26655221048288286,0.9635241005061189,0.4833633424822296,0.2376091918839398,9.751503333554163,0.0,0.0,0.0,1.0386046873127375,-0.6805403663936124,0.0,0.0,0.0,0.0
1783414695,307141127,-33.72488203444501,150.68116914328382,0.34982998482882977,-0.009072224095769764,-0.022237676601738105,-0.267401873525033,0.9632857408498346,0.4467214846297205,0.13230486606679764,9.636461671922014,0.0,0.0,0.0,0.6654193467238336,-0.4542842544535642,0.0,0.0,0.0,0.0
1783414779,884113961,-33.725221323537646,150.68192220009692,0.2984411735087633,-0.0033113100210055224,-0.024378617593340753,-0.22717576863701727,0.9735429566148392,0.39363846282801834,-0.009229228472375246,9.82150675741385,0.0,0.0,0.0,0.6548933409357792,-0.29189948455795056,0.0,0.0,0.0,0.0
1783414780,888188417,-33.725226502902125,150.6819347937524,0.08579526469111443,-0.004679410255494339,-0.025197399312322094,-0.22665281004152915,0.9736383814783776,0.4486631835849225,0.15335887977570098,9.980264824954318,0.0,0.0,0.0,1.1624605451394705,-0.5748122520083471,0.0,0.0,0.0,0.0
1783414781,892083254,-33.72523050398403,150.68194366242182,0.062159979715943336,-0.006487073175652806,-0.02495715187448825,-0.22663304657624642,0.9736388039984316,0.5146471244449883,0.14207500962445235,9.953698631524393,0.0,0.0,0.0,0.8158594807390579,-0.44254503046389687,0.0,0.0,0.0,0.0
1783414782,895284445,-33.72523386211118,150.68195120824072,0.12782291695475578,-0.007181847756926446,-0.024156209562288256,-0.22670782039943926,0.9736367201231242,0.5607027374157697,0.02359475692504078,9.82372101246964,0.0,0.0,0.0,0.6982454821540165,-0.37361303633774856,0.0,0.0,0.0,0.0
1783414783,898573361,-33.72523829089724,150.68196209324455,0.2685075383633375,-0.005853781262180117,-0.02348322526293789,-0.2262606189935556,0.9737660928933795,0.5412188704529453,-0.14199318415180961,9.729818716237075,0.0,0.0,0.0,1.0045189645509178,-0.49140252540698315,0.0,0.0,0.0,0.0
1783414784,901597920,-33.72524140489551,150.68197036591053,0.34446847066283226,-0.004275337091810552,-0.02324512322301176,-0.22536733164011755,0.9739871413773961,0.4857261087494898,-0.1101239577913967,9.691404171848037,0.0,0.0,0.0,0.7636528638157768,-0.34561452964033895,0.0,0.0,0.0,0.0
1783414785,904221834,-33.72524479330073,150.68197923594903,0.3680624095723033,-0.0037461245024245863,-0.023236584525490833,-0.22412018411266976,0.9742772555921159,0.44222065919271397,0.018098229784154214,9.677155285197866,0.0,0.0,0.0,0.819074452218302,-0.3761978819593069,0.0,0.0,0.0,0.0
1783414786,907415129,-33.72524938611358,150.6819902767518,0.32334613241255283,-0.005143984669948249,-0.02339682590212674,-0.22305000013238496,0.9745126091541165,0.4041395097533429,0.1290516671519714,9.728189914375736,0.0,0.0,0.0,1.0189455395598919,-0.5096267295820158,0.0,0.0,0.0,0.0
1783414787,912871605,-33.72525324800157,150.68199911356396,0.24891361687332392,-0.006570331362409952,-0.023721578197345158,-0.22248321301177046,0.9746257422218924,0.3996858601520672,0.1019937887278829,9.77062741902431,0.0,0.0,0.0,0.8132673871227473,-0.4273271987798697,0.0,0.0,0.0,0.0
1783414788,915950798,-33.7252563676323,150.6820065050038,0.17635790072381496,-0.006887647748852596,-0.024396151348180625,-0.22186570213304818,0.9747476587942615,0.4523430702809855,-0.03631619887652804,9.819845884231503,0.0,0.0,0.0,0.6826774571398837,-0.34642787761201477,0.0,0.0,0.0,0.0
1783414789,919524362,-33.7252608287702,150.68201810580257,0.09372567478567362,-0.005367487422761591,-0.025045170161754723,-0.22095715825323706,0.9749471081792023,0.5075329358318607,-0.1429714204195455,9.911569164379639,0.0,0.0,0.0,1.0702535703417257,-0.49484315801689105,0.0,0.0,0.0,0.0
1783414790,922524844,-33.725263987397284,150.68202682121418,0.10471024829894304,-0.0039050781132027716,-0.025010585598186447,-0.22002255021937414,0.9751662926741924,0.5387561643550185,-0.09230430373333176,9.925688393202147,0.0,0.0,0.0,0.8038060161387145,-0.35025539469810657,0.0,0.0,0.0,0.0
1783414791,925408250,-33.725267241608776,150.68203542299847,0.19935328606516123,-0.0037566293050053374,-0.02403921596405435,-0.21928750017134224,0.9753568557716206,0.589142782145064,0.06139636033447903,9.82633736277193,0.0,0.0,0.0,0.7942863484270334,-0.36129125895444764,0.0,0.0,0.0,0.0
1783414792,928849901,-33.72527182185739,150.68204633534512,0.3842670740559697,-0.005439580411520669,-0.02259100427385458,-0.2192661466001287,0.9753883403270598,0.5184503315612646,0.16893081881386118,9.645320543839404,0.0,0.0,0.0,1.0068484480083606,-0.5081104561120614,0.0,0.0,0.0,0.0
1783414793,932784610,-33.72527561640798,150.68205497051292,0.46309357415884733,-0.006897000477972544,-0.022035935770055998,-0.21960322085028544,0.9753159869044111,0.43764011677498466,0.11376709214664904,9.539453903943512,0.0,0.0,0.0,0.7962785976155359,-0.4207050618627077,0.0,0.0,0.0,0.0
1783414794,936442651,-33.72527873348189,150.6820624718391,0.4141423273831606,-0.006936726162753605,-0.022833427358330268,-0.219777690955894,0.9752580596864147,0.35803915978197126,-0.07055649718682623,9.599139838327421,0.0,0.0,0.0,0.6925031538767139,-0.34598234352590573,0.0,0.0,0.0,0.0
1783414795,943400524,-33.725282910461196,150.6820737598883,0.18392528407275677,-0.004979051124148409,-0.02486036037321598,-0.2191724097520139,0.9753566662178058,0.3844489358173568,-0.18121786954406194,9.850647752507166,0.0,0.0,0.0,1.0365791875865158,-0.4611784895324341,0.0,0.0,0.0,0.0
1783414796,951543370,-33.72528614303519,150.6820830890527,0.0025454536080360413,-0.0032678404148568205,-0.026166290898637597,-0.21824767434142406,0.9755370823726747,0.4610082151053165,-0.12886695337377221,10.074015636687482,0.0,0.0,0.0,0.8578776111222811,-0.35739970682247746,0.0,0.0,0.0,0.0
1783414797,956189186,-33.72528928788554,150.6820916244267,-0.02917233109474182,-0.0031632365662074067,-0.02601457854403647,-0.21769645888218433,0.9756646388117999,0.5773432385766826,0.0701487451507036,10.121087940656663,0.0,0.0,0.0,0.78429172381727,-0.3474386978127932,0.0,0.0,0.0,0.0
1783414798,963625533,-33.72529380907038,150.68210231167717,0.17977791000157595,-0.005494247501892423,-0.02374223354085733,-0.21822158564782837,0.9755949257495279,0.6095602593055081,0.2442701012241,9.871310907187288,0.0,0.0,0.0,0.9851817427364581,-0.5011015650230564,0.0,0.0,0.0,0.0
1783414799,967548578,-33.7252970047271,150.6821093138521,0.3922506086528301,-0.0071781739736392625,-0.022074929111446807,-0.21914114604863236,0.9754170028411544,0.5726801004696545,0.18367699056219836,9.595417342762936,0.0,0.0,0.0,0.6455988947323441,-0.3542526214310645,0.0,0.0,0.0,0.0
1783414800,972167396,-33.72530067275738,150.6821177102977,0.5505451047793031,-0.007637580800774102,-0.021280414174093397,-0.22024912256045232,0.9751815909580336,0.4415533949649178,-0.057862129196207146,9.396426325530134,0.0,0.0,0.0,0.7734678657373516,-0.4062588525036274,0.0,0.0,0.0,0.0
1783414801,976309272,-33.7253048333213,150.6821288191251,0.44245134852826595,-0.005639265732692565,-0.02271925527480486,-0.22036306081667467,0.9751369932215991,0.34563057199595243,-0.2425154249725118,9.522845824613567,0.0,0.0,0.0,1.024845947082975,-0.4614936149072673,0.0,0.0,0.0,0.0
1783414802,980364922,-33.72530768404394,150.6821373364484,0.20143486745655537,-0.0029775952343097122,-0.025184181873870542,-0.219605452446456,0.9752591123213111,0.35013302579027555,-0.2164689476308192,9.873906375535258,0.0,0.0,0.0,0.7850737093251008,-0.3159260190815217,0.0,0.0,0.0,0.0
1783414803,983090227,-33.7253104079092,150.68214524962949,-0.0058599309995770454,-0.0020984654729619833,-0.026575565755041896,-0.21889477520861675,0.9753842387150959,0.45593302556422416,0.002638369191261123,10.127271141584517,0.0,0.0,0.0,0.7311312998313703,-0.3025889199183775,0.0,0.0,0.0,0.0
1783414804,986442215,-33.72531499385264,150.68215663510836,-0.05575565900653601,-0.00432414791643425,-0.025813786769974856,-0.219159176896043,0.9753379954352439,0.5992804743771378,0.26696446959015707,10.14107302883274,0.0,0.0,0.0,1.0505456732622915,-0.5087629304409833,0.0,0.0,0.0,0.0
1783414805,991234979,-33.72532006436302,150.68216741311758,0.22958240378648043,-0.00793317848974348,-0.022879816401426764,-0.22095509412183714,0.9749832947605293,0.6309777366668132,0.2421475615181528,9.733785930812504,0.0,0.0,0.0,0.992872439665069,-0.5616033753172975,0.0,0.0,0.0,0.0
1783414806,994831660,-33.725324825823925,150.682178101623,0.5172035852447152,-0.008184898917411448,-0.02129254252905718,-0.2228661814586696,0.9745821156908182,0.4839997127060258,-0.10526177208268242,9.401210912698689,0.0,0.0,0.0,0.9863983569183298,-0.5283220175404117,0.0,0.0,0.0,0.0
1783414807,997876443,-33.72532888011726,150.6821893052753,0.4826065618544817,-0.004577007059362524,-0.02275444881956653,-0.22352099129354056,0.9744227278324583,0.36453774245753784,-0.3196037908396373,9.52319708933749,0.0,0.0,0.0,1.03248924457718,-0.44922530345699657,0.0,0.0,0.0,0.0
1783414809,1847872,-33.72533273819469,150.68220098683628,0.18828141689300537,-0.0014577675305450035,-0.025462321155084025,-0.22254594133682348,0.9745885537547264,0.3574606160376162,-0.12569416884795148,9.919132807054408,0.0,0.0,0.0,1.0781033492062442,-0.4281082360949966,0.0,0.0,0.0,0.0
1783414810,4940633,-33.725337183855274,150.6822124916506,-0.019356110133230686,-0.0028503318049899317,-0.026213220567133558,-0.2214487554229726,0.9748154653049554,0.5029893994961431,0.2525207020195754,10.153650786930982,0.0,0.0,0.0,1.0628644342211442,-0.4938075119250428,0.0,0.0,0.0,0.0
1783414811,7657276,-33.72534023347147,150.68221910299698,0.008880004286766052,-0.005773611698431427,-0.02511755986236378,-0.22142074638144843,0.97483774376375,0.5703021952892757,0.361119458950965,10.038570493402496,0.0,0.0,0.0,0.6104483756327574,-0.33855352951854,0.0,0.0,0.0,0.0
1783414812,12529294,-33.72534339504548,150.682225542595,0.13927074056118727,-0.008023122070190717,-0.02374569958046375,-0.22190882593567077,0.9747452201655228,0.6027510411045848,0.28708780372222364,9.854112515473224,0.0,0.0,0.0,0.59329561093802,-0.3502183183540671,0.0,0.0,0.0,0.0
1783414813,18212772,-33.725346456496126,150.68223199334616,0.3045336762443185,-0.009184429538619922,-0.022329468741318702,-0.22267661722033788,0.974593333253972,0.5640609209197397,0.06427213977753465,9.61064802742549,0.0,0.0,0.0,0.5938671500751344,-0.33886709968148915,0.0,0.0,0.0,0.0
1783414814,21745562,-33.72535003886326,150.68224068707065,0.4427980361506343,-0.008221129267036486,-0.02195608535942742,-0.22289352900316908,0.9745608334412879,0.5056830516313908,-0.16981682762210426,9.495754290663344,0.0,0.0,0.0,0.8021732881975328,-0.39742533097475896,0.0,0.0,0.0,0.0
1783414815,24703471,-33.72535239844639,150.68224747867495,0.4338226690888405,-0.00545496736525386,-0.022672317374033413,-0.22233676484169507,0.974691013786248,0.4255848477794878,-0.30676865708126855,9.549923832471723,0.0,0.0,0.0,0.6269377799856388,-0.26188491177235096,0.0,0.0,0.0,0.0
1783414816,28040065,-33.72535476305454,150.68225485757475,0.33229907881468534,-0.002109390226535605,-0.02435724949949125,-0.2209471065742858,0.9749793079681962,0.3858642017689631,-0.2602854231171152,9.78731778109447,0.0,0.0,0.0,0.680779557184972,-0.26229934398826915,0.0,0.0,0.0,0.0
1783414817,33456946,-33.72535867268484,150.68226619188724,0.13824370224028826,-0.0013802404447767454,-0.025560470642016716,-0.2198307828702092,0.9752021247821111,0.4671032611630748,0.06467201937155936,9.996236236118321,0.0,0.0,0.0,1.0439423284644285,-0.4329523946264638,0.0,0.0,0.0,0.0
1783414818,37837481,-33.72536240054901,150.6822750332719,0.09150837175548077,-0.00386295866029507,-0.025193105162503115,-0.21998254032535489,0.9751707886081615,0.5144019134492719,0.3101925559715321,10.00769433703752,0.0,0.0,0.0,0.8150491082879578,-0.4131870476023434,0.0,0.0,0.0,0.0
1783414819,45343201,-33.72536655618323,150.68228369554626,0.17937119491398335,-0.007482693136397257,-0.02376550338787054,-0.22149561168166898,0.9748430151352119,0.5349130319489811,0.30469342965215324,9.817193525557848,0.0,0.0,0.0,0.7960363602231006,-0.45915721563823636,0.0,0.0,0.0,0.0
1783414820,48286446,-33.72537154267308,150.6822944909787,0.3293420672416687,-0.008947713073360414,-0.022611115549662098,-0.22361855934070357,0.9743733451828128,0.5064278445878404,-0.010896463631702075,9.61974378034392,0.0,0.0,0.0,0.9965886965255288,-0.5534698669209284,0.0,0.0,0.0,0.0
1783414821,51183846,-33.72537438664097,150.6823017486739,0.3524013562127948,-0.00706521351374466,-0.022926108030747915,-0.22455843757738725,0.974165275731675,0.4612574404499912,-0.2428897705433638,9.621536968202834,0.0,0.0,0.0,0.6700097264656165,-0.3156677397370836,0.0,0.0,0.0,0.0
1783414822,54711582,-33.72537738941096,150.68231051140543,0.285963274538517,-0.0036223833798659805,-0.024228701302160136,-0.22400991174099952,0.9742789168475573,0.4269257893155227,-0.28725670776771345,9.767922639992568,0.0,0.0,0.0,0.8084880965450401,-0.333103594217171,0.0,0.0,0.0,0.0
1783414823,58612336,-33.72538136370669,150.6823221310132,0.16000872664153576,-0.001762777106236083,-0.025275183572983768,-0.22225684787910155,0.9746588897060713,0.47897530965529367,-0.032530675549758116,9.939797498421042,0.0,0.0,0.0,1.0714326343474232,-0.440612396048407,0.0,0.0,0.0,0.0
1783414824,62618628,-33.72538517244735,150.6823315793965,0.14932508300989866,-0.0033078561998975747,-0.02488782987759786,-0.2210525147098328,0.9749386851242511,0.5361484817040488,0.23596324620701115,9.943701491182852,0.0,0.0,0.0,0.8715007266906131,-0.4223911221172538,0.0,0.0,0.0,0.0
1783414825,66596057,-33.7253881869845,150.6823381624949,0.21332730911672115,-0.005921002383510533,-0.023807306830363376,-0.2209878023348525,0.9749679713157102,0.5345255451389979,0.2965324698525519,9.796189193886615,0.0,0.0,0.0,0.6065694476857997,-0.33395961765240956,0.0,0.0,0.0,0.0
1783414826,71673929,-33.72539340922462,150.6823493711015,0.34928456507623196,-0.008198790681396725,-0.02263314751513158,-0.22206561822486726,0.9747345185574011,0.49780675884888104,0.08094557927582928,9.625878371848826,0.0,0.0,0.0,1.0333939702573927,-0.5788876195077094,0.0,0.0,0.0,0.0
1783414827,79379038,-33.725396598833335,150.68235703901874,0.36189959198236465,-0.007691577056795313,-0.022765197444027274,-0.2228172509608186,0.974564034890462,0.4470885114514941,-0.12172090089247056,9.60842407661517,0.0,0.0,0.0,0.7040987943820425,-0.3521411045642832,0.0,0.0,0.0,0.0
1783414828,83821793,-33.72539991438326,150.68236613163043,0.27259224839508533,-0.004956391959434287,-0.024102331151633016,-0.2228818862973189,0.9745348513892925,0.41005505408270665,-0.23725012621187916,9.774705047648629,0.0,0.0,0.0,0.8386456487552024,-0.36767877012121536,0.0,0.0,0.0,0.0
1783414829,88805951,-33.725403327544825,150.6823759837868,0.1398501517251134,-0.0030994619263096036,-0.025180931594467916,-0.2220933533909325,0.9746952633512551,0.44861325726956913,-0.10618204181544677,9.931736513502978,0.0,0.0,0.0,0.9075062509494154,-0.3780056609991925,0.0,0.0,0.0,0.0
1783414830,92836937,-33.72540691499193,150.6823854763138,0.09451040159910917,-0.003361592427888519,-0.0252166316976674,-0.221183003644809,0.9749004564984228,0.521179803545551,0.11984561918762013,9.983928645822953,0.0,0.0,0.0,0.8754906626028632,-0.3978123967646365,0.0,0.0,0.0,0.0
1783414831,99909194,-33.725411279911555,150.68239559323536,0.19651048816740513,-0.0053896849843212465,-0.024063301425010234,-0.22103872017345005,0.974953226059785,0.5376528177059274,0.21792332016021934,9.837288269132197,0.0,0.0,0.0,0.9287196495683765,-0.48176542907167447,0.0,0.0,0.0,0.0
1783414832,104312505,-33.72541518301529,150.68240426716116,0.3374825781211257,-0.006971137364342737,-0.022865832823172682,-0.22145380339427334,0.9748778230605929,0.5024595065318244,0.10412673444916397,9.653416183684605,0.0,0.0,0.0,0.800801483472191,-0.43325380876114017,0.0,0.0,0.0,0.0
1783414833,106990134,-33.72541817036322,150.68241130586145,0.4020235054194927,-0.006919819224846307,-0.02256631276474236,-0.22187324708511943,0.974789792651731,0.466391384635163,-0.03829309203701553,9.571673032737,0.0,0.0,0.0,0.6499454939484288,-0.3316602313062891,0.0,0.0,0.0,0.0
1783414834,110171026,-33.72542244453749,150.6824225190825,0.340684836730361,-0.005212865179026685,-0.023453059881162107,-0.22185598499596101,0.9747834128360555,0.4100630505820001,-0.13965124583770186,9.697561781447002,0.0,0.0,0.0,1.0338712633753777,-0.47381786896544414,0.0,0.0,0.0,0.0
1783414835,113643807,-33.72542557479687,150.68243116646187,0.2115142997354269,-0.00395523083801521,-0.024546001305618157,-0.22143385582543526,0.9748583986729574,0.4316414423740434,-0.0870261124533196,9.851016833225225,0.0,0.0,0.0,0.798474237705376,-0.34752003801039194,0.0,0.0,0.0,0.0
1783414836,118075415,-33.72542905451291,150.6824402851466,0.10579122323542833,-0.004064336929061628,-0.02513285458131507,-0.22100434336411004,0.9749404602334032,0.4759592847256724,0.06012324482300918,9.976571280316252,0.0,0.0,0.0,0.8407567491596118,-0.3857492535866168,0.0,0.0,0.0,0.0
1783414837,121058452,-33.725433748687934,150.68245145197372,0.12511656805872917,-0.005569956519347469,-0.024628384204121487,-0.22103245279425818,0.9749395227846807,0.5467437276470852,0.14446442222824757,9.924419452143864,0.0,0.0,0.0,1.030712626982166,-0.5209430061304067,0.0,0.0,0.0,0.0
1783414838,124461773,-33.725436955560966,150.68245885438537,0.21534225158393383,-0.006546437640686239,-0.02376181853048231,-0.22135735579177376,0.9748812446504523,0.5152987767416062,0.07580194971819103,9.764492060233843,0.0,0.0,0.0,0.682510231326877,-0.3555010007755463,0.0,0.0,0.0,0.0
1783414839,128100386,-33.72544027978946,150.6824668977773,0.314460682682693,-0.006209025541172869,-0.023189751488665304,-0.22161691336053377,0.9748382569125366,0.4896199086309127,-0.07544024009981688,9.657717185438617,0.0,0.0,0.0,0.7426700484937322,-0.36903764984038273,0.0,0.0,0.0,0.0
1783414840,130947759,-33.725444529551226,150.6824780989104,0.3556963047012687,-0.004602522618215307,-0.02332827575356851,-0.22149830633944037,0.974870816377572,0.4539250184932973,-0.11877147411612143,9.67328949127532,0.0,0.0,0.0,1.0333289975496456,-0.4713726417003736,0.0,0.0,0.0,0.0
1783414841,133833531,-33.72544788149434,150.6824871318387,0.30373450089246035,-0.0037456906323765637,-0.02378247289459525,-0.2212232577537452,0.9749259633497943,0.4362707079914373,-0.06853617454521362,9.765559661361634,0.0,0.0,0.0,0.8336762213908935,-0.3719534738568155,0.0,0.0,0.0,0.0
1783414842,136641106,-33.72545143905009,150.68249610519,0.23173875734210014,-0.0044588041333531205,-0.02416209245392202,-0.22111685370894607,0.9749377669163325,0.45640348368047196,0.08401666205148123,9.862171468108018,0.0,0.0,0.0,0.8288391458398732,-0.3950848966143828,0.0,0.0,0.0,0.0
1783414843,139649775,-33.72545620885985,150.6825071853038,0.18773394543677568,-0.006522412214500879,-0.02405961767392041,-0.22157995680992057,0.9748235305307329,0.5003463864226003,0.12383290406461961,9.830961141956283,0.0,0.0,0.0,1.0234606749406556,-0.5297258020233649,0.0,0.0,0.0,0.0
1783414844,143543654,-33.72546093530065,150.68251829991934,0.19528637826442719,-0.006948992062482015,-0.024004637520964392,-0.22210035816270263,0.9747035035285355,0.49088260907672066,-0.041366653824223304,9.789675023964598,0.0,0.0,0.0,1.025077983060336,-0.5241068213104196,0.0,0.0,0.0,0.0
1783414845,146897141,-33.7254652482579,150.68252963317073,0.20848882663995028,-0.004937098246550813,-0.024306564570734546,-0.2220710425225816,0.9747149675944278,0.48252278371823093,-0.17765139536371188,9.802943132007348,0.0,0.0,0.0,1.0456607691799613,-0.47844781333831105,0.0,0.0,0.0,0.0
1783414846,150716411,-33.7254693599653,150.68254102723617,0.22969917301088572,-0.003046211903363213,-0.024367309641709578,-0.22152391376111336,0.9748456854527406,0.5090608172920712,-0.05256948971250178,9.856741770502355,0.0,0.0,0.0,1.050923818853629,-0.4559716663891546,0.0,0.0,0.0,0.0
1783414847,154128412,-33.72547227943854,150.6825485445526,0.2660448048263788,-0.003377357677987439,-0.023932355730735204,-0.22128165104784248,0.9749103890685714,0.5038912604942083,0.10798131068765196,9.830209865664974,0.0,0.0,0.0,0.6931354731604218,-0.3236554484262982,0.0,0.0,0.0,0.0
1783414848,157650133,-33.72547517566287,150.6825553322161,0.3131627608090639,-0.004758779066309549,-0.023330907103614736,-0.2214436588397233,0.9748824179126407,0.48939200733617977,0.1910078760346305,9.76135971560131,0.0,0.0,0.0,0.6262855105593936,-0.32129752887268914,0.0,0.0,0.0,0.0
1783414849,164009349,-33.72547813319065,150.68256186007727,0.3517488520592451,-0.0064393766520583805,-0.02282584675567951,-0.2219290824334518,0.9747743315857601,0.46263767333581035,0.20462858027576256,9.690469573460067,0.0,0.0,0.0,0.600990152643667,-0.3273771836066223,0.0,0.0,0.0,0.0
1783414850,169461949,-33.72548157552718,150.68256950992256,0.3516114680096507,-0.0077393419516696696,-0.02270836959589211,-0.2225002452894613,0.9746374061067947,0.43459544613757256,0.08909726320455086,9.639863256068523,0.0,0.0,0.0,0.704474494151711,-0.3811439909156466,0.0,0.0,0.0,0.0
1783414851,174869981,-33.72548523494058,150.68257845465482,0.26606127340346575,-0.007189493950334534,-0.023682126026062674,-0.22262631311723596,0.9745896535421718,0.4279687557397729,-0.14451461027765614,9.722145865378073,0.0,0.0,0.0,0.8230944870483452,-0.40487126051514216,0.0,0.0,0.0,0.0
1783414852,178843453,-33.72548855477806,150.68258770473602,0.12938296794891357,-0.00459233076397967,-0.02518620226789402,-0.2217592153749461,0.9747653133497124,0.43698304724010234,-0.23984324810383306,9.910823077559233,0.0,0.0,0.0,0.8514563516552106,-0.3674149275241097,0.0,0.0,0.0,0.0
1783414853,183915079,-33.72549234650405,150.68259870531378,0.04137915279716253,-0.002430210267134733,-0.025856803000915404,-0.22038974634366965,0.97506608982325,0.536504347606213,-0.06042213995559958,10.039189964069536,0.0,0.0,0.0,1.0159940889870207,-0.42105202473759795,0.0,0.0,0.0,0.0
1783414854,192391147,-33.72549518247571,150.6826061423652,0.09657956566661596,-0.002666985126213116,-0.02524765068786821,-0.21988871539042593,0.97519454272931,0.5753245971315386,0.11141766175544786,10.009756820625133,0.0,0.0,0.0,0.6823370798944156,-0.3128406684088238,0.0,0.0,0.0,0.0
1783414855,198357792,-33.725498773634946,150.6826143781817,0.26988006848841906,-0.005260343293302341,-0.0231690337648422,-0.22042898875158862,0.9751136270101,0.5686031563817857,0.2818787829535904,9.76238267756646,0.0,0.0,0.0,0.7585261809374887,-0.39766896948617847,0.0,0.0,0.0,0.0
1783414856,202310563,-33.72550328140958,150.68262394988028,0.48482118267565966,-0.007868670043747158,-0.02153493220852912,-0.2219725374213729,0.9747833212346393,0.4944267945186897,0.18750493890580494,9.488614515315666,0.0,0.0,0.0,0.8825714121668525,-0.4997423638193967,0.0,0.0,0.0,0.0
1783414857,206460394,-33.725506155817136,150.68263174407178,0.5199380060657859,-0.008337887867274942,-0.021906386034883495,-0.22284403896489746,0.9745722775528836,-0.2710266541900329,-0.032076212527425346,9.458631816978306,0.0,0.0,0.0,0.7186949159525291,-0.31867278458010323,0.0,0.0,0.0,0.0
1783414858,210588296,-33.725506344286636,150.68263568101136,0.38322283141314983,-0.010095659471808589,-0.02320391488794398,-0.223498620065992,0.9743757092735326,0.011620189384137797,-0.021212476807332032,9.617895390524906,0.0,0.0,0.0,0.3629751521097302,-0.02089211235349052,0.0,0.0,0.0,0.0
1783414859,215518415,-33.72550629089721,150.68263858230222,0.025211241096258163,-0.015329541702949428,-0.025265846612542425,-0.22372140110202968,0.9742049973363274,0.9019228461330399,-0.8342517933264496,9.582085460508985,0.0,0.0,0.0,0.2673742861165829,0.005915708498947379,0.0,0.0,0.0,0.0
1783414860,219587705,-33.72550648664306,150.68264208717656,-0.09316841419786215,-0.011342547056494515,-0.026261477769943257,-0.22215480187192263,0.9745916711201963,0.960543448004437,-0.5117731812851651,10.108693978532488,0.0,0.0,0.0,0.3231088282577615,-0.021696619650865372,0.0,0.0,0.0,0.0
1783414861,224311348,-33.72550783891037,150.68264729622808,0.04548478778451681,0.08463257972633806,-0.03806323492378505,-0.20553235458504363,0.9742407134865232,2.6643123933249404,-27.62925954280571,10.0268310905078,0.0,0.0,0.0,0.48015679231583325,-0.14986841018046568,0.0,0.0,0.0,0.0
1783414862,228526639,-33.725507349058454,150.68264676411377,0.4281593104824424,0.27061392732758405,-0.06126840475344322,-0.17874705191463014,0.9439617451714544,0.799438565448466,7.028433622263443,0.7801714111205821,0.0,0.0,0.0,-0.04904413071150344,0.05428377452275217,0.0,0.0,0.0,0.0
1783414863,232464204,-33.72550887087299,150.68264597720935,0.5996326012536883,0.24167706528656252,-0.05642854982568824,-0.17709999341709842,0.9523883699472123,-0.1152885474717024,7.802061352214018,8.601937891912488,0.0,0.0,0.0,-0.07253127009459195,-0.16865070239218036,0.0,0.0,0.0,0.0
1783414864,235456311,-33.72550786850047,150.68264610791954,0.4057656992226839,0.1991814715525009,-0.0558938245905911,-0.18141817877016572,0.9614000552187069,-0.49591496920958983,9.706547811208393,8.959543057325863,0.0,0.0,0.0,0.012076431395411197,0.11134775116478939,0.0,0.0,0.0,0.0
1783414865,238221327,-33.725507405537826,150.6826463652254,0.3444977207109332,0.12165217973564571,-0.05000068844878607,-0.19811994951744902,0.9713131132252962,-0.4347510764250076,9.512408275236035,10.003588392648435,0.0,0.0,0.0,0.023758453575046017,0.051396977266671966,0.0,0.0,0.0,0.0
1783414866,241233514,-33.7255070110006,150.68264666243516,0.26548291370272636,0.029553544111932204,-0.04105507129004859,-0.2168870338380785,0.974885164367944,-0.20413623333286607,7.664848063036589,9.379958019025509,0.0,0.0,0.0,0.02740170307120298,0.0437346437925329,0.0,0.0,0.0,0.0
1783414867,244045368,-33.72550683330079,150.68264685989683,0.426285314373672,-0.007847077461664492,-0.03404744716026044,-0.2225171898343196,0.9743024658418028,1.1720935999277238,0.08839681334710793,11.307733432538472,0.0,0.0,0.0,0.018243120246141588,0.01973905696447881,0.0,0.0,0.0,0.0
1783414868,247380562,-33.725506951662695,150.68264838392292,0.613269355148077,-0.006293590523280727,-0.03268978749204191,-0.21344710258631913,0.9763872709686233,0.8651377556461328,-0.10026813254302838,9.230572520327536,0.0,0.0,0.0,0.14066141780251853,-0.013134624407196118,0.0,0.0,0.0,0.0
1783414869,250457573,-33.72550737808418,150.68265249675616,0.3250215109437704,-0.00583931256385696,-0.03438141907051573,-0.19570573772100028,0.9800423892233224,0.07966101549448584,0.32845661455753955,9.8991346284376,0.0,0.0,0.0,0.37977065044111974,-0.04734155365456701,0.0,0.0,0.0,0.0
1783414870,253623782,-33.72550746499903,150.68265475189554,-0.05108978599309921,-0.014205871962623618,-0.03510114064841671,-0.17800529256406805,0.9833006757580014,1.3487164994999195,-0.4960148221487438,12.303153249217406,0.0,0.0,0.0,0.20798026259383498,-0.009637532567145567,0.0,0.0,0.0,0.0
1783414871,256749171,-33.725508566481814,150.68266001666728,-0.025030002929270267,-0.013469680795620397,-0.033658918695109986,-0.16573550764876407,0.9855036206914445,1.1457584302420174,-0.17860711383433353,10.076500995828566,0.0,0.0,0.0,0.48630419703242156,-0.1223289680122063,0.0,0.0,0.0,0.0
1783414872,259751908,-33.7255086337012,150.68266121775764,0.15154872834682465,0.25539197293075905,-0.056539218381329526,-0.12335129170946965,0.9572683614227351,1.977803367524548,-19.5217753857407,8.672940119479126,0.0,0.0,0.0,0.11086521347243417,-0.007459973903984507,0.0,0.0,0.0,0.0
1783414873,262823981,-33.72550992397689,150.68266051567883,0.5386192910373211,0.2523509687820506,-0.04981840243514403,-0.12952011204098485,0.9576333619451973,0.29351215626401717,9.137394714173112,8.511811661982158,0.0,0.0,0.0,-0.06479821107561577,-0.14318014368310206,0.0,0.0,0.0,0.0
1783414874,265929841,-33.72550930826899,150.6826607099116,0.48130379151552916,0.20575088554311471,-0.045507536846845865,-0.1417890410550223,0.96720809809733,-0.2762878141146338,9.038723599865213,9.908471259520113,0.0,0.0,0.0,0.01793042562595395,0.06833858011752822,0.0,0.0,0.0,0.0
1783414875,270213366,-33.7255084735924,150.68266101789573,0.3586598541587591,0.12895926809200076,-0.04076746373740731,-0.16707956255215378,0.9766227218588434,-0.5196273702613231,9.124854987635072,9.510129640089946,0.0,0.0,0.0,0.0283939563469106,0.09252070714740804,0.0,0.0,0.0,0.0
1783414876,273557904,-33.72550798945844,150.68266133940773,0.28200292959809303,0.03525078253817833,-0.033868632455509716,-0.18993957704868739,0.9805780209328605,-0.40310149022784225,7.976385729837238,9.36156860875051,0.0,0.0,0.0,0.02966606831423978,0.05370954488329776,0.0,0.0,0.0,0.0
1783414877,278151169,-33.725507772276174,150.6826616245942,0.2173084244132042,-0.020916339915952948,-0.02858774663033177,-0.1964196351042322,0.9798798775424672,1.1488385454169876,-0.629937251707329,6.9990747174728405,0.0,0.0,0.0,0.026284034205197454,0.024066370311387107,0.0,0.0,0.0,0.0
1783414878,281514048,-33.72550789761481,150.6826654475698,0.4022152768447995,-0.014021167644191425,-0.028279340396374236,-0.1797802131301015,0.983200264814618,0.9203161889340017,-0.7148622371813317,9.36031579197752,0.0,0.0,0.0,0.352786034246909,-0.013906503698106323,0.0,0.0,0.0,0.0
1783414879,284544780,-33.725508708035925,150.6826729775585,0.35654951073229313,-0.009365023511709245,-0.02911542704519512,-0.15332281210361784,0.9877027404696413,0.46148477627233603,-0.2586310421805805,9.884140114031082,0.0,0.0,0.0,0.6945441524620073,-0.08987510503936375,0.0,0.0,0.0,0.0
1783414880,287977573,-33.725509339352904,150.6826799433778,0.21484421007335186,-0.01669776124518432,-0.02950930849133601,-0.13008501997306693,0.9909229400212556,0.9347030822946433,-0.319274292266961,7.634835450548798,0.0,0.0,0.0,0.6423274206432087,-0.06999304005393168,0.0,0.0,0.0,0.0
1783414881,291484238,-33.72550963479566,150.68268329062363,0.14575761556625366,-0.014251141435489265,-0.029468132177801143,-0.11444704100222663,0.9928899279172753,0.7419543091830101,-0.29421632544342746,9.530193278685795,0.0,0.0,0.0,0.3089883082608335,-0.03279071653040798,0.0,0.0,0.0,0.0
1783414882,294506934,-33.725510062729086,150.68268979033857,0.19408714398741722,-0.012579753689976565,-0.028554693278815976,-0.10852730418193014,0.9936036450898593,0.7457882386017548,-0.3774540838521282,9.745286587106868,0.0,0.0,0.0,0.6001992247505472,-0.04751168825617829,0.0,0.0,0.0,0.0
1783414883,298526311,-33.72551036698994,150.6826971700592,0.26595410890877247,-0.008661107962514349,-0.02803526850758045,-0.11023914605103627,0.993471861507163,0.7076673035966726,-0.4479907559967388,9.674423770759303,0.0,0.0,0.0,0.6798176518530367,-0.03369936518515327,0.0,0.0,0.0,0.0
1783414884,302910253,-33.72551049093756,150.6827035581474,0.2768111387267709,-0.006871324927212427,-0.028080879669620515,-0.1129876957054978,0.9931757295211592,-0.12991808554506487,0.3296059392063781,9.84561394963385,0.0,0.0,0.0,0.5897878031774695,-0.013758979113117803,0.0,0.0,0.0,0.0
1783414885,306663395,-33.72551026970356,150.68270862970786,0.2496753167361021,-0.00927397426814405,-0.028388134722102526,-0.1116385282975341,0.993300028293483,0.35218458166799,0.10464855675546127,9.929824102932793,0.0,0.0,0.0,0.46769025380613904,0.024529670066699677,0.0,0.0,0.0,0.0
1783414886,311973472,-33.72551022449537,150.682711210475,0.24429710768163204,-0.010757502306783191,-0.028334857489481252,-0.101982355855485,0.9943243993231462,0.881325475837795,-0.3196509244865132,9.956095912041723,0.0,0.0,0.0,0.23773975291923252,0.0050071802890058435,0.0,0.0,0.0,0.0
1783414887,317193147,-33.7255102115517,150.6827156115444,0.2702670292928815,-0.009429506321245725,-0.027622621480007135,-0.08339951024293273,0.9960886491092792,0.6943004884877767,-0.2594843685495294,9.746850891049837,0.0,0.0,0.0,0.40439744934258465,0.001429982899135159,0.0,0.0,0.0,0.0
1783414888,321741071,-33.7255102220078,150.6827217239834,0.2755390917882323,-0.009953090577378004,-0.027216882862171894,-0.05914276655526267,0.9978287981609947,0.7273032028491753,-0.229686826823951,9.91130716200794,0.0,0.0,0.0,0.5647407102452003,-0.0011615217340181793,0.0,0.0,0.0,0.0
1783414889,327388334,-33.72551020940079,150.68272681044542,0.22953828796744347,-0.007573475849663028,-0.027293463283845812,-0.04158721513393318,0.998733304172306,0.7514434961019888,-0.416036771685402,9.734731241125278,0.0,0.0,0.0,0.46817706526574987,0.0013951778566914598,0.0,0.0,0.0,0.0
1783414890,331649410,-33.72550998147964,150.68273590183293,0.16958493925631046,-0.003839710527148264,-0.02744687426779467,-0.021800568138585365,0.9993781371156918,0.6655188906583397,-0.3605795361096857,9.863194531948299,0.0,0.0,0.0,0.8382180524814998,0.02526588960178797,0.0,0.0,0.0,0.0
1783414891,335893552,-33.72550981718764,150.68274224019717,0.1721784882247448,-0.0021427915587844725,-0.027239542255300925,-0.011868676174793197,0.999556176664381,0.6494884112885647,-0.21352908473522111,9.882954614863298,0.0,0.0,0.0,0.5836357061789244,0.01818880629679288,0.0,0.0,0.0,0.0
1783414892,340380437,-33.7255097001336,150.68275383620468,0.2577414894476533,-0.0016545634052707076,-0.02647404178718282,0.00010715917833059285,0.9996481261165345,0.608511353299268,-0.04474583946177619,9.782705471201256,0.0,0.0,0.0,1.0702452040121775,0.01298925819460252,0.0,0.0,0.0,0.0
1783414893,344113326,-33.72550968669604,150.68276118454463,0.3214237503707409,-0.0019120261709567688,-0.025976863450812397,0.0071157555562309455,0.9996353899017598,0.5894691915514997,-0.025571536845103694,9.691746886251275,0.0,0.0,0.0,0.6763495533925287,0.0014870494529366954,0.0,0.0,0.0,0.0
1783414894,347380389,-33.72550959707635,150.68276974739172,0.3522847658023238,-0.0021599396964650176,-0.02569741987446456,0.0198493075933026,0.9994703508660823,0.5127878894476502,-0.03698548959590358,9.637202614248627,0.0,0.0,0.0,0.7920190507786953,0.009966530566987463,0.0,0.0,0.0,0.0
1783414895,350625056,-33.72550907073192,150.68278200771164,0.2824508873745799,-0.0017237519188058358,-0.026032551022215022,0.03886326312237724,0.9989038901446321,0.45785710205881247,-0.09675742161747533,9.750729830299681,0.0,0.0,0.0,1.1315277316236483,0.05840587909066633,0.0,0.0,0.0,0.0
1783414896,354176324,-33.725508311419155,150.6827909631209,0.18966130632907152,-0.0010266505889357717,-0.026467472631410985,0.05823113134347393,0.9979516793029274,0.4824294970352472,-0.10330781237457458,9.87740322132877,0.0,0.0,0.0,0.8262028983343959,0.0842257921062945,0.0,0.0,0.0,0.0
1783414897,357467646,-33.72550711171443,150.68280068438244,0.12615401297807693,-0.00020713023401008413,-0.026590859199857934,0.08248081879418571,0.9962378219256285,0.5491478486159473,-0.11336497757842666,9.93000972250911,0.0,0.0,0.0,0.897086693251236,0.13310957178072202,0.0,0.0,0.0,0.0
1783414898,361857502,-33.725505063941945,150.68281274303203,0.16910888254642487,0.0006500473520702302,-0.025961793059223803,0.10974228306543918,0.9936207496057915,0.5687677978058053,-0.10992307992184927,9.885150364697473,0.0,0.0,0.0,1.1116432252175321,0.22697163294479328,0.0,0.0,0.0,0.0
1783414899,364877789,-33.72550301259116,150.68282223274466,0.27274307422339916,0.0013065355573945875,-0.025073285067382458,0.1318003979927493,0.9909582627082333,0.54470687984114,-0.10825311504956482,9.757442005028752,0.0,0.0,0.0,0.8757565447540159,0.22761107563938857,0.0,0.0,0.0,0.0
1783414900,367991306,-33.72550102648631,150.682830093692,0.3476318558678031,0.0019262794965911438,-0.02435366546887143,0.1551105432736819,0.9875950120321966,0.4739903508359049,-0.0903459602558265,9.633647411729141,0.0,0.0,0.0,0.7251381508850379,0.22027802230414878,0.0,0.0,0.0,0.0
1783414901,371398256,-33.725497747750445,150.68284150896866,0.35371084325015545,0.0023588886749715,-0.024412350445378737,0.17223506416850268,0.9847505041688595,0.4472741457161998,-0.04817308229549652,9.674813170747735,0.0,0.0,0.0,1.05417482304428,0.36404557645598,0.0,0.0,0.0,0.0
1783414902,375462701,-33.72549499757148,150.68285038091355,0.2722238404676318,0.0025204339219050335,-0.025007429028568905,0.18216997086575565,0.9829457653507624,0.42405067110128797,-0.033149000387649515,9.76988920570967,0.0,0.0,0.0,0.8174252466760787,0.3046584980376349,0.0,0.0,0.0,0.0
1783414903,378710356,-33.72549206040493,150.6828594510448,0.1722462335601449,0.002720458385412823,-0.025558078146394256,0.18661293934420353,0.9820972429535442,0.48819273140791725,-0.06218533606693354,9.894034265460665,0.0,0.0,0.0,0.8378075282428994,0.32619882247148835,0.0,0.0,0.0,0.0
1783414904,382392002,-33.72548818175685,150.68287101883317,0.1293252632021904,0.003195428413345242,-0.02543942514853027,0.18614571943940594,0.9821875564370348,0.5365553173576871,-0.08229795955121771,9.931551071560772,0.0,0.0,0.0,1.0659373587672214,0.4297192951905884,0.0,0.0,0.0,0.0
1783414905,386662853,-33.72548506123117,150.6828801789072,0.19224915839731693,0.003759886129812796,-0.024756007078968256,0.18340484426138115,0.9827185082571994,0.5424110537249037,-0.08778131119879094,9.839788277219233,0.0,0.0,0.0,0.8454008098595839,0.34626976027608164,0.0,0.0,0.0,0.0
1783414906,389611456,-33.72548250322175,150.68288773562676,0.275147408246994,0.004476904036925295,-0.023871576530431756,0.17867290454710213,0.9836087120114879,0.5385239061808739,-0.07540826394183091,9.722815181426506,0.0,0.0,0.0,0.6976021486377261,0.28392247512274355,0.0,0.0,0.0,0.0
1783414907,392696054,-33.72547826947309,150.68290072188861,0.3517912747338414,0.005149973416769698,-0.023515569548077053,0.17225376266314196,0.9847584155573519,0.47617913002187584,-0.029212450430544688,9.636723740854373,0.0,0.0,0.0,1.1978433999391758,0.4695308033958805,0.0,0.0,0.0,0.0
1783414908,395510814,-33.72547543715964,150.68291003252043,0.3093023747205734,0.005449915264732544,-0.024037289616598168,0.16438608425150592,0.9860880906064893,0.43165100349116486,0.004138066124332764,9.745336819560807,0.0,0.0,0.0,0.8601674269137538,0.31460692962093284,0.0,0.0,0.0,0.0
1783414909,398818265,-33.72547213937224,150.6829218921965,0.20232371240854263,0.005106977111613628,-0.024811544895048915,0.15409926727300582,0.987730591735735,0.4704521833854565,0.06040975669182472,9.85157643509125,0.0,0.0,0.0,1.094489642111653,0.36591870565030515,0.0,0.0,0.0,0.0
1783414910,402306888,-33.725469190140984,150.68293386528163,0.15661163534969091,0.004118630396561632,-0.024960032568743233,0.1411028661340382,0.9896716702152202,0.519271484942442,0.0817196888039275,9.909833413974873,0.0,0.0,0.0,1.104663516481535,0.32715675967935476,0.0,0.0,0.0,0.0
1783414911,405626024,-33.7254665773649,150.6829457971334,0.21793667040765285,0.0031664211541622403,-0.024338604010548878,0.1257973188299537,0.99175230814306,0.5427643727526595,0.060628151377688684,9.80358042582455,0.0,0.0,0.0,1.1008712010906307,0.2898371042131507,0.0,0.0,0.0,0.0
1783414912,412931606,-33.72546444862733,150.68295630261622,0.2941218074411154,0.003169801031292438,-0.02378513378303313,0.11052488275776615,0.9935836502598698,0.497787536743646,-0.02639626231743259,9.692085862100736,0.0,0.0,0.0,0.9654443538049058,0.2352103806657019,0.0,0.0,0.0,0.0
1783414913,419271241,-33.7254626694991,150.68296547935677,0.3135307440534234,0.003961943394904574,-0.023806421449122286,0.0983555547843523,0.9948586543551725,0.4287857673921937,-0.05475741650336083,9.691493513852782,0.0,0.0,0.0,0.8445910198230437,0.19687400901845417,0.0,0.0,0.0,0.0
1783414914,425162835,-33.72546133506643,150.6829727340201,0.2882190840318799,0.004690635985021585,-0.024072633551302767,0.09001500222811425,0.9956383909943576,0.44259468216679543,-0.0445401613201845,9.724403285335303,0.0,0.0,0.0,0.667382567003808,0.14759695288787966,0.0,0.0,0.0,0.0
1783414915,429985179,-33.72546008100493,150.68298022551897,0.24196952115744352,0.005250028664324108,-0.024504716557263738,0.08170765999648813,0.9963412138235426,0.46183204094631053,-0.00422059125307786,9.846727752890175,0.0,0.0,0.0,0.6900388554827565,0.13888226464162917,0.0,0.0,0.0,0.0
1783414916,434353178,-33.72545879554384,150.6829893217258,0.19637943617999554,0.005088185969824713,-0.024743560769926627,0.07662595914623054,0.9967398501860361,0.48228811306218805,0.08824093966773583,9.870649134986238,0.0,0.0,0.0,0.8391046133843235,0.14257318379327902,0.0,0.0,0.0,0.0
1783414917,438937527,-33.725457834532584,150.68299803871813,0.19470908492803574,0.0037716280436900246,-0.024688683920799516,0.0712535985539553,0.9971455101444677,0.5192191741628981,0.1684909822220409,9.884093614677603,0.0,0.0,0.0,0.8031593108869886,0.1064600430352604,0.0,0.0,0.0,0.0
1783414918,442756117,-33.72545709660552,150.68300660648117,0.23522902838885784,0.0019413965182181444,-0.024290835686517225,0.06767685208708539,0.9974096600558832,0.5406197217665741,0.16970150647685583,9.79393674101266,0.0,0.0,0.0,0.789007946706689,0.08170535095137162,0.0,0.0,0.0,0.0
1783414919,447455655,-33.72545613053057,150.68301879804287,0.302435009740293,0.00021064978753060392,-0.023820104817656996,0.06452995399941262,0.9976314165411876,0.4758306546975759,0.09390464481367228,9.680470501845845,0.0,0.0,0.0,1.1258892063759756,0.10726802016219081,0.0,0.0,0.0,0.0
1783414920,455286975,-33.72545540197721,150.68302643136295,0.30532636120915413,0.0002752109127935697,-0.023887994755863486,0.06334108619160937,0.9977059660869853,0.4351429078909509,-0.026506796507635245,9.685141223703058,0.0,0.0,0.0,0.7010925371551775,0.08045376357297386,0.0,0.0,0.0,0.0
1783414921,461376715,-33.72545425509936,150.68303607128084,0.25321408081799746,0.0017697943946898967,-0.02444713804458883,0.06252658739690727,0.9977422668894639,0.4485307539236567,-0.12015455092962343,9.777023550748952,0.0,0.0,0.0,0.8873244113454914,0.12692564784437516,0.0,0.0,0.0,0.0
1783414922,469127504,-33.72545259473711,150.6830482603189,0.16725380718708038,0.003640057977161543,-0.025033728318931664,0.062167023177004836,0.997745119583998,0.47062438315045096,-0.11706992181454566,9.884200861887408,0.0,0.0,0.0,1.1194406423452472,0.18334016370649048,0.0,0.0,0.0,0.0
1783414923,473695243,-33.72545139991285,150.6830576831568,0.15772824455052614,0.004319626468499161,-0.025057377757696623,0.061812106368483555,0.997763865928894,0.5017072066932218,0.03094532434851632,9.92503541609606,0.0,0.0,0.0,0.8688191907155355,0.13245697992764538,0.0,0.0,0.0,0.0
1783414924,478839649,-33.72545058151489,150.68306567772973,0.2087963968515396,0.003411762273078175,-0.024511250024725265,0.06133938827261691,0.9978101211887753,0.5428620398948795,0.13250068859089703,9.859391102179726,0.0,0.0,0.0,0.7358113492324986,0.09056468452644494,0.0,0.0,0.0,0.0
1783414925,486226937,-33.725449652594165,150.6830782345723,0.340040379203856,0.001032191450696087,-0.02359219853922084,0.06063122491593982,0.9978808532656029,-0.1251472285768203,0.19442265004487042,9.503742762188132,0.0,0.0,0.0,1.1540615568891122,0.10264795642855237,0.0,0.0,0.0,0.0
1783414926,489412299,-33.72544919094909,150.68308614610288,0.3816961459815502,-0.00048222695093092915,-0.022620857685884798,0.06022657740498251,0.9979282657730486,0.04078342800758119,0.12548077056349588,9.63011156005034,0.0,0.0,0.0,0.7307810768056422,0.05126938579784016,0.0,0.0,0.0,0.0
1783414927,492417853,-33.72544888923845,150.68309062273585,0.31882220786064863,-0.0005711109124700556,-0.02248371041745979,0.060131973246737774,0.9979370232593052,0.14341090556369385,-0.04960179822448848,9.687919095876614,0.0,0.0,0.0,0.4131686965549584,0.03348032612651453,0.0,0.0,0.0,0.0
1783414928,495666046,-33.72544831752471,150.68309431412192,0.12356701493263245,0.0014530257840396597,-0.02290958883028715,0.06047037613553325,0.9979059941025132,0.2974249594577222,-0.18613173642410433,9.990298336815615,0.0,0.0,0.0,0.34071895008315334,0.06344663294594796,0.0,0.0,0.0,0.0
1783414929,501644999,-33.725447805052085,150.6830959410137,0.04808330163359642,0.0033643940592354383,-0.022467676498997488,0.06080950477112957,0.9978908199271305,0.4288099431720775,-0.13211698199259458,10.128092494061791,0.0,0.0,0.0,0.14973538186473076,0.05670998957315367,0.0,0.0,0.0,0.0
1783414930,506575543,-33.72544742652398,150.68309701621675,0.20294333342462778,0.003404062362234006,-0.020290427493800448,0.06078774763739846,0.9979386557543127,0.5117787948558831,0.0582048104266549,9.833696967341872,0.0,0.0,0.0,0.09903986561907631,0.04192188653915689,0.0,0.0,0.0,0.0
1783414931,511891058,-33.725447633439735,150.68309714762415,0.4678946901112795,0.0011816931152168887,-0.018104853623842655,0.06035008703870147,0.9980123670932449,0.4231321014694075,0.15872684758498878,9.404234820223685,0.0,0.0,0.0,0.01209130381345738,-0.02289127547393969,0.0,0.0,0.0,0.0
1783414932,515441596,-33.725448047017494,150.6830968435193,0.4275385942310095,-0.00039557166377906773,-0.018344995662160864,0.06004264716358987,0.9980271465139627,0.27530497482095245,0.06393974313943437,9.525790571421076,0.0,0.0,0.0,-0.02808395148049967,-0.04592140633152747,0.0,0.0,0.0,0.0
1783414933,518626824,-33.72544814911491,150.68309669647,0.09292344748973846,0.0003090370940357188,-0.01990019167879188,0.0601695708615765,0.9979897342205257,0.3132489612715819,-0.12667896057851744,10.092373778172425,0.0,0.0,0.0,-0.013573687714532852,-0.011331116758132424,0.0,0.0,0.0,0.0
1783414934,521600614,-33.725447856030826,150.68309670795148,-0.06085725035518408,0.0022635483274777942,-0.01974086751488289,0.06055379548173137,0.9979671399156816,0.47919044437106684,-0.12255192939520249,10.288519876836927,0.0,0.0,0.0,0.0010597460408213201,0.032525121935129596,0.0,0.0,0.0,0.0
1783414935,524802994,-33.72544759741196,150.68309642674953,0.22917596530169249,0.002964354655375166,-0.01691486943792398,0.060705754296827064,0.9980079715055529,0.5015646799633604,0.013471557063429802,9.753837582123781,0.0,0.0,0.0,-0.02595595414653719,0.028701329090791712,0.0,0.0,0.0,0.0
1783414936,530513505,-33.72544770890399,150.6830956596723,0.5693913837894797,0.001915643844064693,-0.014653615485142941,0.06051678084231208,0.9980577744290958,0.3705311179747493,0.12619339621042064,9.247744764509855,0.0,0.0,0.0,-0.07057644094841942,-0.012333536670705556,0.0,0.0,0.0,0.0
1783414937,534797440,-33.72544803147962,150.6830949593242,0.45252208318561316,0.00053332655314423,-0.015646891564785898,0.06024032853870782,0.9980611169486046,0.1995965487100155,0.08713663481639994,9.537881031601096,0.0,0.0,0.0,-0.06460474600394679,-0.03577710161393425,0.0,0.0,0.0,0.0
1783414938,538752057,-33.725448240272854,150.68309486408032,0.025493056513369083,5.8453513129649235e-05,-0.017922275490679925,0.06012684322864116,0.9980298348986274,0.2627029317515202,0.01842409621544822,10.223248747213264,0.0,0.0,0.0,-0.008783607955070289,-0.02315130219672362,0.0,0.0,0.0,0.0
1783414939,542288340,-33.72544818365359,150.68309502264233,-0.10381833743304014,0.0008512291662631276,-0.017720270357410212,0.06029374319505235,0.9980230117381541,0.45272110606600396,-0.07950127833948732,10.322184643466752,0.0,0.0,0.0,0.014627820105079351,0.0062801179074513935,0.0,0.0,0.0,0.0
1783414940,545424978,-33.72544796861584,150.68309473945342,0.2563991714268923,0.0021518550826816305,-0.014533688425960607,0.060584391232864514,0.9980549448599428,0.4628568324834606,-0.07263527445259162,9.633262623890687,0.0,0.0,0.0,-0.026140301287239393,0.02386559051075325,0.0,0.0,0.0,0.0
1783414941,548227248,-33.725447840682705,150.683093910359,0.5954186329618096,0.002691024336808958,-0.012593601603666016,0.060698281856226256,0.9980730825778086,0.28891343239650147,-0.0029941986222737967,9.2072435169859,0.0,0.0,0.0,-0.07648855675739759,0.014190530672421327,0.0,0.0,0.0,0.0
1783414942,551285635,-33.725447948485645,150.68309330638957,0.43688418064266443,0.001823273070345007,-0.013992898974584141,0.06050501399219129,0.9980681428316419,0.13803271333987918,0.11626811318454021,9.595266308817287,0.0,0.0,0.0,-0.055785996731416126,-0.011971924699455643,0.0,0.0,0.0,0.0
1783415086,326512083,-33.725448230581556,150.6830906055533,0.16542347893118858,0.0028928429156363095,-0.012604108525615453,0.06074413722747858,0.998069595619779,0.22021391723821535,-0.04653696112885332,10.04139560458667,0.0,0.0,0.0,0.0050174502374170475,0.03894654637762981,0.0,0.0,0.0,0.0
1783415087,333057328,-33.72544808343455,150.683090919245,0.11168553121387959,0.0023610791461114115,-0.012552369502988072,0.060625387837553606,0.9980788674622224,0.2672737336047021,0.11720348602713972,10.045058010380433,0.0,0.0,0.0,0.028833429915729403,0.016261771602221167,0.0,0.0,0.0,0.0
1783415088,337939922,-33.72544838615455,150.6830909736604,0.30159671884030104,7.007233346910938e-05,-0.011082961136239347,0.06020736622665595,0.9981243590426846,0.28806591411468213,0.15044927628976068,9.628085896193204,0.0,0.0,0.0,0.0050177739167218405,-0.033562432539860354,0.0,0.0,0.0,0.0
1783415089,344104913,-33.72544869508215,150.68309067772972,0.4092987859621644,-0.0007227102480852894,-0.010720572183343635,0.060080266815634574,0.9981357165041842,0.20148450654804617,0.002010179483935632,9.477182531537755,0.0,0.0,0.0,-0.027225892287579143,-0.034172124568114345,0.0,0.0,0.0,0.0
1783415090,348762568,-33.72544866578472,150.6830905059659,0.24547687638550997,0.0005709039658725493,-0.012063890852053233,0.06032037108470214,0.9981060011032773,0.1394311020414123,-0.10066401874678241,9.836755975349424,0.0,0.0,0.0,-0.01583188234846022,0.0032467852112358212,0.0,0.0,0.0,0.0
1783415091,352883782,-33.725448338794486,150.68309077859624,0.049813306890428066,0.0021968720945193206,-0.013124818228525896,0.06061186418072694,0.9980727001676809,0.23200020237932473,-0.0926672785743722,10.161976149590043,0.0,0.0,0.0,0.02513536758893895,0.03624674221042559,0.0,0.0,0.0,0.0
1783415092,357296448,-33.72544812402907,150.68309108544494,0.12978343106806278,0.0023466225586694033,-0.012182317667539059,0.060632441006419464,0.9980830584657859,0.3263733873627536,0.037407265144620755,9.966425733739063,0.0,0.0,0.0,0.028289896210257084,0.02380644421157322,0.0,0.0,0.0,0.0
1783415093,362595648,-33.72544825516144,150.6830909547986,0.3818792821839452,0.0010604201073601523,-0.010497249316879377,0.06040324513417821,0.9981182952151691,0.2813422450481307,0.1097023086966379,9.489113395650064,0.0,0.0,0.0,-0.012028766741232714,-0.01451633000387613,0.0,0.0,0.0,0.0
1783415094,367045603,-33.72544856891423,150.68309047046958,0.4621233893558383,-2.2004781770316087e-05,-0.010490109167678884,0.06020861456731205,0.9981306927739095,0.15475926707805532,0.050913786237405945,9.4278855639197,0.0,0.0,0.0,-0.044608058285374064,-0.03474430015341517,0.0,0.0,0.0,0.0
1783415095,370635867,-33.72544864569677,150.68309042522165,0.22679116018116474,0.00013685451479518624,-0.012337685042043495,0.060223622092294204,0.9981086504688402,0.12909687128666314,-0.02266726244531525,9.90876409988455,0.0,0.0,0.0,-0.004176443059275966,-0.00852105680918672,0.0,0.0,0.0,0.0
1783415096,375715117,-33.72544847500355,150.68309091354658,-0.03571639861911535,0.00102431405134692,-0.013576478667025422,0.06037925809554064,0.9980826494832781,0.24557857197473776,-0.07598132351949743,10.266835358409153,0.0,0.0,0.0,0.04500794319765933,0.018915580335012297,0.0,0.0,0.0,0.0
1783415097,378532175,-33.72544831809292,150.68309115738447,0.08583720866590738,0.0017193433480850943,-0.012280021334345593,0.06052281911419567,0.9980897922035621,0.3609113278231141,-0.04198129711351543,9.965726934354711,0.0,0.0,0.0,0.022514975651518065,0.017419905247288408,0.0,0.0,0.0,0.0
1783415098,381663875,-33.72544824598049,150.68309090116327,0.4303723182529211,0.0018340287585191233,-0.010110662077279073,0.06056359058938962,0.9981114478583004,0.28989972966256694,0.012089075370156419,9.405945338089097,0.0,0.0,0.0,-0.023646813413274993,0.008001858287264728,0.0,0.0,0.0,0.0
1783415099,384758121,-33.72544832111338,150.68309037388508,0.5142623856663704,0.0013960053617323924,-0.010183212760877487,0.060475784797200345,0.9981167430717007,0.1553581139177713,0.06857941037374592,9.402991330732885,0.0,0.0,0.0,-0.048649008781022476,-0.008334651472090397,0.0,0.0,0.0,0.0
1783415100,388987470,-33.72544847835135,150.68309035179905,0.21458726655691862,0.0005027118941813987,-0.012294558074001309,0.06027967686334818,0.9981056816188187,0.12079135019001969,0.05915417502157194,9.915457533838344,0.0,0.0,0.0,-0.002037003828864734,-0.017436318756294256,0.0,0.0,0.0,0.0
1783415101,392083109,-33.7254486154177,150.68309083898635,-0.04182480648159981,-0.00016817521124610704,-0.013623138366005174,0.06014148709849409,0.9980968807424161,0.2482848958195957,0.010927877610442789,10.244005317788016,0.0,0.0,0.0,0.04493928055544818,-0.015201418691169283,0.0,0.0,0.0,0.0
1783415102,394927416,-33.72544856361178,150.68309113298218,0.09683103859424591,0.0005628877079001434,-0.012246345894472625,0.06031181351207539,0.9981043008225873,0.3371581087045929,-0.11202002072835449,9.945642273397182,0.0,0.0,0.0,0.027080669812165316,0.0057374740411978275,0.0,0.0,0.0,0.0
1783415103,399602662,-33.72544829850752,150.6830908124175,0.42314807791262865,0.0022977586631297625,-0.010167517014265968,0.0606640337228975,0.9981038106907306,0.26637070954983577,-0.1024629130917517,9.459245131077315,0.0,0.0,0.0,-0.029631276050341316,0.029462833474237834,0.0,0.0,0.0,0.0
1783415104,403499677,-33.72544810489066,150.68309032825445,0.486468268558383,0.0028883901048573977,-0.010219813912253881,0.06075752538702191,0.9980960553549174,0.15566673904993455,0.03734568967475951,9.453367751452824,0.0,0.0,0.0,-0.04452600677851499,0.02140860708979436,0.0,0.0,0.0,0.0
1783415105,407158228,-33.72544827392359,150.68309035449587,0.2309301607310772,0.0011908728843399842,-0.01208438845797981,0.06040073175660405,0.9981003461479395,0.14750627706252267,0.2043099454602233,9.906718391556229,0.0,0.0,0.0,0.002427180748537952,-0.018797893327708468,0.0,0.0,0.0,0.0
1783415106,410609466,-33.72544864026591,150.6830907424413,0.03201707825064659,-0.0010484866117954083,-0.01322885334724936,0.05996916366390667,0.998112016521389,0.24469484567933472,0.12281075866771025,10.141933688154491,0.0,0.0,0.0,0.03580375006940159,-0.04065070748205073,0.0,0.0,0.0,0.0
1783415107,414329813,-33.72544880924649,150.6830910242677,0.08675370924174786,-0.0005831361098393283,-0.012317824650782181,0.06009870161233455,0.9981162643763809,0.2888343173295882,-0.09503689525831917,9.90126206101286,0.0,0.0,0.0,0.025973781771516914,-0.0187246379303335,0.0,0.0,0.0,0.0
1783415108,419495924,-33.72544845392878,150.68309084825444,0.30936608370393515,0.0023004746994430662,-0.01083081127786152,0.060670214181508246,0.9980964514787088,0.2696524763075401,-0.21813606110325262,9.593343975796142,0.0,0.0,0.0,-0.016226595033309508,0.03938419707204352,0.0,0.0,0.0,0.0
1783415109,423752970,-33.72544797511147,150.6830904868578,0.418035508133471,0.003947887924713915,-0.010570445727323583,0.06095795103985878,0.9980765542096868,0.17643543899989447,0.005803031377686636,9.579440011447414,0.0,0.0,0.0,-0.033318077082312124,0.053074850641053044,0.0,0.0,0.0,0.0
1783415110,427201492,-33.72544804572529,150.68309042855367,0.31438660994172096,0.0019458278659768187,-0.01157162648975159,0.0605428442625037,0.9980966261955322,0.17369724342038745,0.2309933244530318,9.796259582095448,0.0,0.0,0.0,-0.005379907094318415,-0.00783408547486377,0.0,0.0,0.0,0.0
1783415111,430565649,-33.72544869119301,150.6830907050041,0.14779773633927107,-0.0013226466308221285,-0.012509317287426533,0.05991952457415762,0.998123949297731,0.2005861692212679,0.16840092763790096,9.917196277212472,0.0,0.0,0.0,0.02549568003404825,-0.07157263054783874,0.0,0.0,0.0,0.0
1783415112,433939726,-33.725448939838856,150.68309087859564,0.11427472438663244,-0.0013667954373377024,-0.01252166870645052,0.05994713156456144,0.9981220772531882,0.2465139704031531,-0.11398342021802876,9.914883699970794,0.0,0.0,0.0,0.0160274245054812,-0.027601936125852884,0.0,0.0,0.0,0.0
1783415113,437620497,-33.725448576014095,150.68309088685018,0.18321997858583927,0.0019177095516952,-0.01184182657097333,0.060592761279059326,0.9980904822780935,0.28626253519613404,-0.2521929692880259,9.846488655177989,0.0,0.0,0.0,0.0007613461253220291,0.04034635984744691,0.0,0.0,0.0,0.0
1783415114,443930128,-33.72544796505347,150.68309074455559,0.3078850330784917,0.004187220098641624,-0.011120909373487784,0.06100325758119459,0.9980668289884373,0.24864761418611728,-0.0528548041008379,9.731891856533503,0.0,0.0,0.0,-0.013091437761221464,0.0675826615176786,0.0,0.0,0.0,0.0
1783415115,449173938,-33.72544802640328,150.68309058852054,0.37813701666891575,0.002240435842889955,-0.0109756469910774,0.06060439299771765,0.9980990046932916,0.20900760581278433,0.23587729823948886,9.645425436241485,0.0,0.0,0.0,-0.014370780673766773,-0.006793515328012545,0.0,0.0,0.0,0.0
1783415116,453367539,-33.7254485138015,150.68309057450685,0.31739864964038134,-0.0008822318543622903,-0.011634100580166057,0.060011913892791306,0.9981294703401808,0.19019916395810008,0.2070077241473834,9.697693881329117,0.0,0.0,0.0,-0.001290954551675297,-0.053984044169599295,0.0,0.0,0.0,0.0
1783415117,457920022,-33.725448922207725,150.68309071533338,0.1468371134251356,-0.0015189993598291377,-0.012703834629113661,0.059909258652247575,0.9981218292144497,0.19343782990066252,-0.05415447683947304,9.934102617320852,0.0,0.0,0.0,0.012949315955036513,-0.045152087264595756,0.0,0.0,0.0,0.0
1783415118,462259468,-33.72544870380434,150.6830909153915,0.05754991061985493,0.0009545691397105914,-0.012897614022116621,0.06039410097306521,0.9980908239824416,0.2849194939523882,-0.24121888963121813,10.069087412105052,0.0,0.0,0.0,0.018500910981313522,0.024283956538030508,0.0,0.0,0.0,0.0
1783415119,467781321,-33.72544811017944,150.68309100315986,0.18468714598566294,0.0035162972245754345,-0.011674976639159758,0.06087469464711436,0.9980709404275451,0.3179544442265974,-0.08975248808213954,9.859433918885228,0.0,0.0,0.0,0.008076058193334549,0.06567447973799387,0.0,0.0,0.0,0.0
1783415120,472126800,-33.72544796586582,150.6830907946097,0.4082286460325122,0.0027792268593999202,-0.010463809469428384,0.06072132867094069,0.9980960398848836,0.251140580310173,0.12698578059295762,9.530477309625395,0.0,0.0,0.0,-0.01924067899107652,0.016008120846899402,0.0,0.0,0.0,0.0
1783415121,476031046,-33.725448373294945,150.68309047608577,0.4510197965428233,0.00013494614419222637,-0.010807253394338542,0.060216967798995366,0.9981267964806393,0.15568929249539412,0.16790804710285837,9.500667207746325,0.0,0.0,0.0,-0.029355957420750325,-0.045147048696161235,0.0,0.0,0.0,0.0
1783415122,479906523,-33.72544873433891,150.68309049974246,0.22482318058609962,-0.0009108752265071424,-0.012519637963855171,0.060015602611329495,0.9981185082016938,0.14454236246331476,0.03246141418809224,9.888617284749543,0.0,0.0,0.0,0.0021833865242353624,-0.04006450248247638,0.0,0.0,0.0,0.0
1783415123,484275333,-33.72544866652712,150.68309090718137,-0.021099243313074112,0.0005400774025382564,-0.013504663343219425,0.06029560347323221,0.9980890604481066,0.2813666309414793,-0.14054704106208846,10.208489350300654,0.0,0.0,0.0,0.037567235797312255,0.007517528495998727,0.0,0.0,0.0,0.0
1783415124,488202800,-33.725448322647786,150.68309113410135,0.0884729465469718,0.002135560730256185,-0.012184194915392573,0.0606086027888094,0.9980849573270901,0.3392894220350388,-0.10370008207491523,9.971436887378534,0.0,0.0,0.0,0.020922188938494218,0.03812093917198345,0.0,0.0,0.0,0.0
1783415125,494548484,-33.725448146526716,150.68309085037535,0.4257528968155384,0.002237655568714545,-0.010119245686950518,0.06063379659261397,0.9981062751406027,0.2661330201878901,0.05552426654178665,9.431985297347824,0.0,0.0,0.0,-0.026089529164159023,0.019471596280892317,0.0,0.0,0.0,0.0
1783415126,499503666,-33.72544829710254,150.68309037719084,0.5123911509290338,0.0012700238870033632,-0.010271757583493121,0.060445434337105676,0.9981178424931954,0.16902955565240868,0.10629174673544796,9.40674253024897,0.0,0.0,0.0,-0.04346089785907503,-0.01662824991451324,0.0,0.0,0.0,0.0
1783415127,502391710,-33.72544850336486,150.68309036782733,0.22855143807828426,0.0004172373133596275,-0.012402135183638205,0.06026348579276532,0.9981053678024261,0.11956148803576615,0.051569147217079093,9.9206985985937,0.0,0.0,0.0,-0.0008678331615324621,-0.022984808085105717,0.0,0.0,0.0,0.0
1783415128,505302100,-33.725448558289486,150.68309084036076,-0.03401935566216707,0.00030993103750404875,-0.013622704952278328,0.06023429455431721,0.9980912561545056,0.23768623954490217,-0.028692716606374388,10.268131414079333,0.0,0.0,0.0,0.04362197182987356,-0.0060962532085482935,0.0,0.0,0.0,0.0
1783415129,508180895,-33.72544848507657,150.6830911199451,0.09599742386490107,0.0007226313843078136,-0.012192599300786498,0.06033532094016631,0.9981034352076041,0.35364467731024163,-0.07802035405952581,9.953320119480184,0.0,0.0,0.0,0.02579254508039283,0.008120676560140335,0.0,0.0,0.0,0.0
1783415130,511260864,-33.7254483863538,150.68309078090417,0.4250721801072359,0.0013976139134466638,-0.010144740788633158,0.06048767932705918,0.9981164118274517,0.26954737061608064,-0.04995405652586576,9.437709937872803,0.0,0.0,0.0,-0.031318288904265475,0.010964437969773309,0.0,0.0,0.0,0.0
1783415131,514069294,-33.72544829759026,150.683090288135,0.4761668974533677,0.0020005126993550824,-0.010387523597211215,0.06059355646381108,0.9981064663739655,0.1393299963278042,-0.019898545770155075,9.472011616815232,0.0,0.0,0.0,-0.04549301350315862,0.009852782428345854,0.0,0.0,0.0,0.0
1783415132,517382921,-33.7254482753449,150.68309035270673,0.19709722511470318,0.0017991199360371532,-0.012412275894744324,0.0605239290385951,0.9980879483233427,0.14996150023275104,0.05506322656696094,9.96825073653683,0.0,0.0,0.0,0.005959145647399317,0.002468334930933292,0.0,0.0,0.0,0.0
1783415133,520347999,-33.725448407617066,150.68309082827736,0.012230620719492435,0.0005680442051410687,-0.01325296273050549,0.060275711307636884,0.9980936203237666,0.2677559045199874,0.1114064056130376,10.207289118020359,0.0,0.0,0.0,0.0438993189987235,-0.014680280089727098,0.0,0.0,0.0,0.0
1783415134,523100040,-33.72544858618381,150.6830910179027,0.1401836071163416,-0.00032057280216499294,-0.011807084838733335,0.06013664347830576,0.9981202703541555,0.32010770988161247,0.034625377528198484,9.826081437122376,0.0,0.0,0.0,0.017498826924442656,-0.019812361321696635,0.0,0.0,0.0,0.0
1783415135,525726859,-33.72544861747629,150.68309070161322,0.391171189956367,0.0004840379291102155,-0.010382783699493381,0.06032083175469666,0.9981249224252214,0.23807744912804013,-0.08726997020832593,9.456241488257696,0.0,0.0,0.0,-0.029223598204119076,-0.0034762583061422724,0.0,0.0,0.0,0.0
1783415136,528395201,-33.725448369383535,150.6830903159831,0.38507898338139057,0.0022637755092645194,-0.011049248284185402,0.06064635261830679,0.9980955912871743,0.15282649489436076,-0.10619344475173186,9.606106982474532,0.0,0.0,0.0,-0.03561101037658564,0.027545492682241133,0.0,0.0,0.0,0.0
1783415137,531292307,-33.72544813905007,150.68309043666997,0.1737999664619565,0.0027282501974545677,-0.012550393272666752,0.06070106035385127,0.9980733567987273,0.19177673055704259,0.03529656793110429,10.039769269198036,0.0,0.0,0.0,0.01114162697591587,0.0255663499169933,0.0,0.0,0.0,0.0
1783415138,535209970,-33.72544824265739,150.68309082723155,0.09724674001336098,0.0010237413915921585,-0.012597135137640228,0.06036441538403606,0.9980963888799672,0.29604097824720743,0.13224125776004242,10.042953463081105,0.0,0.0,0.0,0.03601890601641086,-0.01148826822500607,0.0,0.0,0.0,0.0
1783415139,538889403,-33.72544864095817,150.6830908443086,0.2945385919883847,-0.0006808378342484741,-0.011226443216781535,0.06007170544897461,0.9981306996766484,0.2887301429571496,0.07002770892685992,9.64621019681721,0.0,0.0,0.0,0.0015753401131732862,-0.04417697433435539,0.0,0.0,0.0,0.0
1783415140,542161880,-33.72544872972985,150.68309053863044,0.37998788245022297,-9.378062712828528e-05,-0.010803214217114904,0.06020811080561794,0.9981273792262145,0.18562505517524575,-0.103020120955909,9.52794198815147,0.0,0.0,0.0,-0.028209578253673158,-0.009849852925903875,0.0,0.0,0.0,0.0
1783415141,545278241,-33.72544846895863,150.683090398047,0.2521770764142275,0.001951393547076113,-0.011974395358096088,0.06058166974527943,0.9980895086162895,0.1509258687755667,-0.12683716751608617,9.856224959644978,0.0,0.0,0.0,-0.01297623556110906,0.028939921024266284,0.0,0.0,0.0,0.0
1783415142,548543535,-33.72544813879704,150.68309066570083,0.09825129061937332,0.0028257238236532316,-0.01278603674523638,0.06072031400154915,0.9980689234801248,0.23865664944341808,0.020967502174153038,10.08937849556967,0.0,0.0,0.0,0.024630519518004868,0.03653000943803435,0.0,0.0,0.0,0.0
1783415143,551456312,-33.7254481842246,150.68309091368303,0.19217957835644484,0.0013359278774183886,-0.011765424895840612,0.060435394009773234,0.9981018751733763,0.30593256665957524,0.13584946458600028,9.821388532056712,0.0,0.0,0.0,0.022957702897922407,-0.005056504694495823,0.0,0.0,0.0,0.0
1783415144,554584690,-33.725448512355136,150.68309073600096,0.39053988829255104,-0.0002625882022510747,-0.010598865542931789,0.06015735610130143,0.9981326002107836,0.25928781675991963,0.09498716552981079,9.48820271040198,0.0,0.0,0.0,-0.01639969325620709,-0.036413456523577824,0.0,0.0,0.0,0.0
1783415145,558489405,-33.72544870053822,150.68309041102037,0.3713511535897851,-0.00014818932083919445,-0.01120706076537104,0.060186715853346735,0.9981242102382424,0.15876326402248764,-0.04547202319335629,9.622117502083256,0.0,0.0,0.0,-0.029966466054264708,-0.020863243364370905,0.0,0.0,0.0,0.0
1783415146,562396421,-33.72544852443784,150.68309050776264,0.11557549983263016,0.001343219695791056,-0.012887489259100592,0.06045146534283824,0.998087034641443,0.1863080006812775,-0.09546572410881418,10.085472493652409,0.0,0.0,0.0,0.00892402563060015,0.019531157169320055,0.0,0.0,0.0,0.0
1783415147,566173563,-33.72544827277701,150.68309086957808,0.03687883913516998,0.0021159133749088658,-0.01296261283543255,0.06058800791958805,0.9980764434027107,0.2770101300333894,-0.040890691393161635,10.131731794029436,0.0,0.0,0.0,0.033311091752399456,0.027857396464198395,0.0,0.0,0.0,0.0
1783415148,570085275,-33.725448224380045,150.68309096496884,0.26126404851675034,0.001642550233882315,-0.011172154097927538,0.060509370167897536,0.9981037526847727,0.3275906067358968,0.058223987596874756,9.665629026094289,0.0,0.0,0.0,0.00880961405711267,0.005373927592678213,0.0,0.0,0.0,0.0
1783415149,578247352,-33.72544838532965,150.68309058050923,0.48121278639882803,0.0008794682498747967,-0.01015078167131189,0.060378803899648725,0.9981235335401658,0.2286609850079645,0.07513718298465426,9.372981715668956,0.0,0.0,0.0,-0.035281445890477776,-0.017758598725326064,0.0,0.0,0.0,0.0
1783415150,583761756,-33.72544853130758,150.68309029081502,0.3561606779694557,0.00044757843578263314,-0.01139904544152327,0.06028665582824512,0.9981159153954077,0.1361956386041725,0.040298970695639744,9.673022930301139,0.0,0.0,0.0,-0.02670747233820673,-0.016180923026989754,0.0,0.0,0.0,0.0
